{
  "model_name": "driver_profit",
  "saved_at": "2026-07-05T19:15:58.875163",
  "metrics": {
    "mae": 1076.449955865825,
    "rmse": 1441.7299295335786,
    "r2": 0.9894713654786451,
    "n_samples": 2000,
    "feature_names": [
      "route_distance",
      "fuel_price",
      "toll_estimate",
      "truck_mileage",
      "cargo_weight",
      "trip_duration"
    ]
  }
}